{"cameraMode":{"drawMode":0,"name":"Shaded","section":"Shading Mode"},"sceneLighting":false,"audioPlay":false,"sceneViewState":{"showFog":false,"showMaterialUpdate":false,"showSkybox":false,"showFlares":false,"showImageEffects":false,"showParticleSystems":false},"in2DMode":false,"pivot":{"x":2.5465469360351564,"y":2.2686381340026857,"z":6.781034469604492},"rotation":{"x":-0.1943170428276062,"y":-0.25786736607551577,"z":0.05302699655294418,"w":-0.9449547529220581},"size":8.03700065612793,"orthographic":false}