{"cameraMode":{"drawMode":0,"name":"Shaded","section":"Shading Mode"},"sceneLighting":false,"audioPlay":false,"sceneViewState":{"showFog":true,"showMaterialUpdate":false,"showSkybox":false,"showFlares":true,"showImageEffects":true,"showParticleSystems":true},"in2DMode":false,"pivot":{"x":15.546661376953125,"y":-11.15954303741455,"z":-1.470113754272461},"rotation":{"x":0.23658578097820283,"y":0.7081868052482605,"z":-0.2770453095436096,"w":0.6047743558883667},"size":10.15909194946289,"orthographic":false}