{"cameraMode":{"drawMode":0,"name":"Shaded","section":"Shading Mode"},"sceneLighting":false,"audioPlay":false,"sceneViewState":{"showFog":false,"showMaterialUpdate":false,"showSkybox":false,"showFlares":false,"showImageEffects":false,"showParticleSystems":false},"in2DMode":false,"pivot":{"x":-0.37801551818847659,"y":0.23828649520874024,"z":3.9733705520629885},"rotation":{"x":-0.08830016106367111,"y":-0.2679136097431183,"z":0.024666020646691324,"w":-0.9590741395950317},"size":5.795907497406006,"orthographic":false}