{"cameraMode":{"drawMode":0,"name":"Shaded","section":"Shading Mode"},"sceneLighting":true,"audioPlay":false,"sceneViewState":{"showFog":false,"showMaterialUpdate":false,"showSkybox":false,"showFlares":false,"showImageEffects":false,"showParticleSystems":false},"in2DMode":false,"pivot":{"x":-1.4173637628555298,"y":-1.2649884223937989,"z":80.52033233642578},"rotation":{"x":-0.3656236529350281,"y":0.1898297816514969,"z":-0.07644002139568329,"w":-0.907989501953125},"size":3.984262228012085,"orthographic":false}