{"cameraMode":{"drawMode":0,"name":"Shaded","section":"Shading Mode"},"sceneLighting":false,"audioPlay":false,"sceneViewState":{"showFog":false,"showMaterialUpdate":false,"showSkybox":false,"showFlares":false,"showImageEffects":false,"showParticleSystems":false},"in2DMode":false,"pivot":{"x":2.98909854888916,"y":1.5310444831848145,"z":6.652010917663574},"rotation":{"x":-0.1943170428276062,"y":-0.25786736607551577,"z":0.05302699655294418,"w":-0.9449547529220581},"size":6.685093879699707,"orthographic":false}